{"roc_auc": 0.8922619047619048, "accuracy": 0.9180327868852459}